{
  "model_path": "ml_dataset_face_press_multipass\\packed\\model\\best_model.pt",
  "packed_path": "ml_dataset_face_press_multipass\\packed\\face_press_packed.npz",
  "source_local_index": 13,
  "source_mp_id": 187,
  "left_cheek_ids": [
    36,
    50,
    101,
    111,
    116,
    117,
    118,
    123,
    135,
    137,
    138,
    147,
    177,
    187,
    192,
    203,
    205,
    206,
    207,
    212,
    213,
    214,
    215,
    216,
    227
  ],
  "patch_edges": [
    [
      0,
      2
    ],
    [
      0,
      15
    ],
    [
      0,
      16
    ],
    [
      0,
      17
    ],
    [
      1,
      2
    ],
    [
      1,
      5
    ],
    [
      1,
      6
    ],
    [
      1,
      7
    ],
    [
      1,
      13
    ],
    [
      1,
      16
    ],
    [
      2,
      6
    ],
    [
      2,
      16
    ],
    [
      3,
      4
    ],
    [
      3,
      5
    ],
    [
      3,
      7
    ],
    [
      4,
      7
    ],
    [
      4,
      9
    ],
    [
      4,
      24
    ],
    [
      5,
      6
    ],
    [
      5,
      7
    ],
    [
      7,
      9
    ],
    [
      7,
      11
    ],
    [
      7,
      12
    ],
    [
      7,
      13
    ],
    [
      8,
      10
    ],
    [
      8,
      14
    ],
    [
      8,
      21
    ],
    [
      9,
      12
    ],
    [
      9,
      24
    ],
    [
      10,
      14
    ],
    [
      10,
      20
    ],
    [
      10,
      22
    ],
    [
      11,
      12
    ],
    [
      11,
      13
    ],
    [
      11,
      20
    ],
    [
      11,
      22
    ],
    [
      12,
      22
    ],
    [
      13,
      14
    ],
    [
      13,
      16
    ],
    [
      13,
      18
    ],
    [
      13,
      20
    ],
    [
      13,
      21
    ],
    [
      14,
      20
    ],
    [
      14,
      21
    ],
    [
      15,
      17
    ],
    [
      16,
      17
    ],
    [
      16,
      18
    ],
    [
      16,
      23
    ],
    [
      17,
      23
    ],
    [
      18,
      19
    ],
    [
      18,
      21
    ],
    [
      18,
      23
    ],
    [
      19,
      21
    ],
    [
      19,
      23
    ],
    [
      20,
      22
    ]
  ],
  "neutral_template_px": [
    [
      391.39739990234375,
      274.52923583984375
    ],
    [
      361.22021484375,
      268.982177734375
    ],
    [
      386.2616271972656,
      259.7604064941406
    ],
    [
      346.76715087890625,
      229.35415649414062
    ],
    [
      333.60693359375,
      235.2425994873047
    ],
    [
      354.2659912109375,
      238.89102172851562
    ],
    [
      367.7911071777344,
      245.6065673828125
    ],
    [
      332.783447265625,
      258.94195556640625
    ],
    [
      339.931884765625,
      345.09783935546875
    ],
    [
      314.52984619140625,
      257.2080993652344
    ],
    [
      327.10443115234375,
      327.9823913574219
    ],
    [
      331.23162841796875,
      280.99481201171875
    ],
    [
      314.24212646484375,
      281.75714111328125
    ],
    [
      348.2283020019531,
      290.36053466796875
    ],
    [
      339.5745849609375,
      315.262939453125
    ],
    [
      395.9478454589844,
      290.1585388183594
    ],
    [
      375.0369567871094,
      285.43585205078125
    ],
    [
      386.4034118652344,
      300.0810546875
    ],
    [
      362.6274108886719,
      301.64581298828125
    ],
    [
      366.9809875488281,
      332.36541748046875
    ],
    [
      330.206298828125,
      299.7640686035156
    ],
    [
      352.3154296875,
      330.25958251953125
    ],
    [
      317.03802490234375,
      305.3038635253906
    ],
    [
      376.218017578125,
      313.69580078125
    ],
    [
      316.82147216796875,
      233.65234375
    ]
  ],
  "input_feature_names": [
    "fingertip_rel_source_px_x",
    "fingertip_rel_source_px_y",
    "fingertip_x",
    "fingertip_y",
    "fingertip_z",
    "pressure_tier"
  ],
  "input_vector": [
    -42.386016845703125,
    127.51605224609375,
    0.4778785705566406,
    0.8705762028694153,
    -0.0828486755490303,
    1.0
  ],
  "pressure_label": "medium",
  "predicted_deformation_dxyz": [
    [
      -0.0019152890890836716,
      -0.004913926124572754,
      -0.0003775171935558319
    ],
    [
      -0.00217408686876297,
      -0.001073446124792099,
      0.0005625560879707336
    ],
    [
      -0.0032847076654434204,
      -0.0022140666842460632,
      -0.0011633913964033127
    ],
    [
      0.0011299178004264832,
      -0.0009100176393985748,
      0.003140650689601898
    ],
    [
      -7.075443863868713e-05,
      -0.0007804716005921364,
      0.0033394470810890198
    ],
    [
      8.838251233100891e-06,
      -0.0004326626658439636,
      0.0026136059314012527
    ],
    [
      0.00022528879344463348,
      -0.0026110783219337463,
      0.001310497522354126
    ],
    [
      0.0023510679602622986,
      -0.0009160488843917847,
      0.0032380884513258934
    ],
    [
      0.005017813295125961,
      -0.005219072103500366,
      -0.005533560179173946
    ],
    [
      0.0035812335554510355,
      0.00042440369725227356,
      0.0026693977415561676
    ],
    [
      0.004680441692471504,
      0.002933695912361145,
      -0.001644328236579895
    ],
    [
      0.002922840416431427,
      -0.0013670139014720917,
      0.0001614093780517578
    ],
    [
      0.006208457052707672,
      -0.0020857080817222595,
      0.0043887123465538025
    ],
    [
      0.002150297164916992,
      -0.0014195926487445831,
      0.00022361241281032562
    ],
    [
      0.006383843719959259,
      0.0022552460432052612,
      0.00017260434105992317
    ],
    [
      0.00011280179023742676,
      -0.004277367144823074,
      -0.002852838486433029
    ],
    [
      -0.0034699998795986176,
      -0.0011246241629123688,
      -0.0002442032564431429
    ],
    [
      -0.0036104992032051086,
      -0.005529157817363739,
      -0.0018232855945825577
    ],
    [
      -0.0016087926924228668,
      -0.00014670565724372864,
      -0.0014737173914909363
    ],
    [
      -0.0025443732738494873,
      -0.005520456470549107,
      -0.0026092631742358208
    ],
    [
      0.0021580662578344345,
      0.0011388733983039856,
      0.0033926870673894882
    ],
    [
      0.0029283463954925537,
      -0.002057831734418869,
      -0.004075687378644943
    ],
    [
      0.0019943006336688995,
      8.589029312133789e-05,
      0.0016991011798381805
    ],
    [
      -0.003078993409872055,
      -0.006335660815238953,
      -0.004434838891029358
    ],
    [
      0.003018666058778763,
      0.00201580673456192,
      0.0040637776255607605
    ]
  ],