{
  "neutral": "neutral.ply",
  "pressed": "side.ply",
  "raw_vertices": {
    "neutral": 57317,
    "pressed": 77060
  },
  "after_percentile_crop": {
    "neutral": 53910,
    "pressed": 72503
  },
  "downsampled_vertices": {
    "neutral": 16572,
    "pressed": 22155
  },
  "icp": {
    "errors": [
      0.010090258257201246,
      0.007756309677795599,
      0.006432881844829002,
      0.005713404747129595,
      0.0052864172633568145,
      0.004973371196773355,
      0.0047394824236773265,
      0.004563676985318775,
      0.0044155110429299595,
      0.004302629538668644,
      0.0042019546030956515,
      0.004118887242039103,
      0.004046087253581886,
      0.003979308848712335,
      0.003920978337602548,
      0.00386949571504568,
      0.003822905629574815,
      0.0037841477307824487,
      0.003749871839368531,
      0.0037153521548769783,
      0.003686352113849151,
      0.003660420813472503,
      0.0036371341320242073,
      0.0036165308518332044,
      0.0035977665300591056,
      0.003581192686977482,
      0.0035661115372879956,
      0.0035529265994427616,
      0.0035400134476183437,
      0.0035276676546020366,
      0.0035174869331196013,
      0.003508029723630371,
      0.0034993230806994904,
      0.003492231512388612,
      0.0034858734001124822
    ],
    "final_mean_error": 0.0034858734001124822,
    "trim_fraction": 0.7,
    "max_corr_dist": 0.08
  },
  "roi_parameters": {
    "x_min": -0.85,
    "x_max": 0.1,
    "y_min": -0.35,
    "y_max": 0.55,
    "z_min": -1.0,
    "z_max": 1.0
  },
  "displacement": {
    "method": "PCA local normal projection",
    "flip_sign": false,
    "valid_points": 6306,
    "total_roi_points": 6306,
    "min": -0.028951192857687054,
    "max": 0.00968401671769762,
    "mean": -0.0008742026651543196
  },
  "heightmap": {
    "xy_bbox": {
      "min": [
        -0.17113032937049866,
        -0.11126343160867691
      ],
      "max": [
        0.00467706099152565,
        0.05405093729496002
      ]
    },
    "strength_used": 0.004772186580314624,
    "valid_points": 6306
  },
  "outputs": {
    "heightmap": "side_cheek_heightmap_256.png",
    "valid_mask": "side_cheek_valid_mask_256.png",
    "alignment_debug": "side_alignment_debug.png",
    "metadata": "side_metadata.json"
  },
  "note": "This is a prototype. Inspect alignment_debug and heightmap before using the result as the cheek-map input to the UV exporter."
}